Continent,Male,Female,Period
Antarctica,0,0,B
Antarctica,0,0,A
Africa,65.39,42.75647059,B
Africa,62.33726962,39.29193879,A
North America,67.2372067,40.21921788,B
North America,67.77836544,46.99637409,A
Europe,64.52172524,43.80003195,B
Europe,61.23446301,47.99839791,A
South America,68.77758621,35.01482759,B
South America,70.91335938,47.32609375,A
Asia,73.68470588,41.09063348,B
Asia,70.21207254,43.45769407,A
Oceania,66.98068182,45.45613636,B
Oceania,65.39517857,51.01125,A