Continent,Before05,Btw0510,After10
Oceania,1.127400906,1.244284562,1.361606002
Africa,0.843309681,0.940599016,0.820838489
South America,0.723397752,0.798005833,0.999318059
North America,0.944211204,1.001438867,1.040497558
Europe,1.1307617,1.221556851,1.239709184
Asia,0.759855583,0.735204541,0.740875363